2018-05-14-16-17-45,model_1,48262,1371,leakyrelu,True,29,2.323711e-04,8.164667e-03,6.447180e-03,0.846443,3.000000e+00,0,0.19075,0.73385,
2018-05-14-16-25-37,model_1,29004,1371,tanh,False,64,1.267755e-02,4.458245e-03,1.302656e-03,0.905642,8.000000e+00,0,0.20952,0.73323,
2018-05-14-16-50-46,model_1,54423,1371,prelu,False,27,9.632152e-05,1.111534e-02,1.367717e-03,0.720393,3.000000e+00,0,0.17472,0.74519,
2018-05-14-16-58-17,model_1,59788,1371,tanh,True,98,1.270169e-04,2.460973e-04,6.346133e-03,0.816704,6.000000e+00,0,0.18516,0.73479,
2018-05-14-17-25-21,model_1,42469,1371,prelu,False,54,1.508856e-02,2.508170e-03,4.100116e-03,0.867290,3.100000e+01,0,0.17475,0.74542,
2018-05-14-18-39-40,model_1,28853,1371,relu,True,7,7.261774e-03,3.608149e-05,4.885991e-02,0.731522,1.000000e+00,11,11.46393,0.50008,
2018-05-14-18-43-15,model_1,51057,1371,relu,False,49,2.707520e-04,5.870756e-04,2.258940e-02,0.922183,1.000000e+00,1,1.35276,0.50000,
2018-05-14-18-50-11,model_1,27993,1371,leakyrelu,True,58,6.772355e-03,6.020891e-04,9.344252e-04,0.927206,1.700000e+01,0,0.18031,0.74147,
2018-05-14-19-36-22,model_1,29655,1371,elu,True,79,6.486439e-04,1.042189e-03,6.594843e-03,0.934055,1.100000e+01,0,0.23146,0.73074,
2018-05-14-20-13-44,model_1,4562,1371,leakyrelu,True,55,1.612576e-04,4.403417e-04,1.864271e-03,0.700291,4.000000e+00,0,0.17603,0.74253,
2018-05-14-20-28-18,model_1,68,1371,leakyrelu,True,40,1.277927e-03,2.713899e-02,1.566487e-03,0.743962,6.000000e+00,0,0.17600,0.74338,
2018-05-14-20-43-33,model_1,56826,1371,elu,False,7,4.127490e-04,2.143280e-04,1.825559e-02,0.754706,1.600000e+01,0,0.17409,0.74478,
2018-05-14-21-00-27,model_1,51032,1371,prelu,True,90,4.643818e-05,9.431913e-05,4.954616e-03,0.850497,5.000000e+00,0,0.18583,0.73498,
2018-05-14-21-23-29,model_1,49075,1371,elu,False,22,2.170048e-03,3.727250e-04,1.791956e-03,0.918186,9.000000e+00,0,0.18131,0.73880,
2018-05-14-21-37-39,model_1,34365,1371,prelu,True,5,1.431176e-04,1.509645e-04,2.677069e-02,0.824525,9.000000e+00,0,0.17826,0.73687,
2018-05-14-21-48-47,model_1,40215,1371,leakyrelu,True,97,8.799993e-04,1.110294e-03,6.236671e-03,0.894432,2.000000e+00,0,1.00014,0.51846,
2018-05-14-22-02-56,model_1,45683,1371,relu,True,88,2.122602e-03,2.788817e-03,6.175606e-03,0.809072,1.500000e+01,0,0.18219,0.74186,
2018-05-14-22-56-10,model_1,30478,1371,leakyrelu,True,23,5.856722e-05,1.449701e-02,2.292525e-03,0.896010,4.000000e+00,0,0.17746,0.74128,
2018-05-14-23-04-49,model_1,15717,1371,tanh,False,24,7.291915e-03,3.391206e-04,2.970903e-02,0.713370,5.000000e+00,1,1.68523,0.50091,
2018-05-14-23-14-32,model_1,7390,1371,relu,False,37,7.651442e-05,4.470437e-05,1.167791e-03,0.827053,3.000000e+00,0,0.17548,0.74360,
2018-05-14-23-23-35,model_1,49272,1371,leakyrelu,True,38,2.582052e-03,1.243307e-02,3.521287e-03,0.765342,1.400000e+01,0,0.17576,0.74451,
2018-05-15-12-00-41,model_1,65350,1371,elu,False,77,1.835717e-04,1.267883e-04,3.404947e-02,0.745136,1.000000e+00,2.20883,2.17387,0.50000,
2018-05-15-12-08-48,model_1,41201,1371,relu,False,114,3.937188e-04,1.964593e-02,4.779607e-02,0.730883,1.000000e+00,9.84146,9.71593,0.50000,
2018-05-15-12-19-20,model_1,14895,1371,elu,False,25,1.810359e-04,1.512013e-02,5.360601e-03,0.753275,5.000000e+00,0.17649,0.17683,0.74198,
2018-05-15-12-27-56,model_1,12186,1371,prelu,True,67,1.163247e-03,2.268476e-03,1.921284e-02,0.857728,1.000000e+00,3.58609,3.28822,0.50000,
2018-05-15-12-35-43,model_1,63107,1371,prelu,True,21,1.611477e-02,7.588704e-05,3.979825e-03,0.740019,2.100000e+01,0.17251,0.17393,0.74450,
2018-05-15-13-03-07,model_1,22876,1371,relu,True,12,3.199830e-03,4.111294e-05,4.056032e-02,0.794128,2.000000e+00,4.25735,4.27947,0.50000,
2018-05-15-13-07-17,model_1,16406,1371,elu,False,76,7.286690e-05,1.005182e-04,4.242369e-03,0.880737,1.000000e+00,3.33161,15.17947,0.50000,
2018-05-15-13-15-20,model_1,35034,1371,prelu,True,59,3.812363e-04,1.235669e-04,4.307618e-03,0.728070,8.000000e+00,0.17230,0.17610,0.74399,
2018-05-15-13-45-59,model_1,44970,1371,leakyrelu,False,114,1.646385e-03,7.974094e-03,7.023404e-03,0.725256,1.000000e+00,4.53059,1.57736,0.50000,
2018-05-15-13-56-35,model_1,46009,1371,elu,False,96,8.664577e-03,5.668274e-04,6.000496e-02,0.806738,1.000000e+00,269.11477,264.61308,0.50000,
2018-05-15-14-05-49,model_1,4281,1371,leakyrelu,False,43,3.827528e-04,9.752903e-05,1.352924e-02,0.800594,1.000000e+00,2.56084,1.03084,0.50000,
2018-05-15-14-11-27,model_1,37097,1371,prelu,True,58,1.827308e-04,7.978775e-04,4.059272e-03,0.846398,6.000000e+00,0.17808,0.17967,0.74050,
2018-05-15-14-30-17,model_1,14224,1371,leakyrelu,False,8,6.311530e-05,1.651478e-03,8.904265e-04,0.656565,4.000000e+00,0.17659,0.17712,0.73849,
2018-05-15-14-35-41,model_1,58412,1371,elu,True,57,2.717451e-03,2.283745e-03,3.495415e-03,0.871561,1.500000e+01,0.17790,0.18164,0.73952,
2018-05-15-15-14-47,model_1,53430,1371,elu,True,18,2.253885e-04,2.669355e-02,1.776256e-02,0.920229,2.000000e+00,0.33390,0.27865,0.70608,
2018-05-15-15-19-28,model_1,12126,1371,leakyrelu,True,70,1.119797e-03,4.394873e-03,1.365185e-03,0.707938,6.000000e+00,0.17350,0.17617,0.74311,
2018-05-15-15-40-32,model_1,61665,1371,leakyrelu,False,17,1.266437e-02,2.170314e-03,6.294204e-03,0.778882,2.000000e+01,0.17257,0.17417,0.74516,
2018-05-15-16-03-30,model_1,282,1371,tanh,True,89,1.588377e-04,1.944307e-03,3.603636e-03,0.934245,5.000000e+00,0.18756,0.18880,0.73309,
2018-05-15-16-25-14,model_1,34137,1371,elu,False,25,1.075825e-02,2.525007e-02,1.003703e-03,0.684833,1.100000e+01,0.17334,0.17489,0.74470,
2018-05-15-16-41-34,model_1,47793,1371,leakyrelu,True,83,2.268897e-04,4.065103e-03,1.494451e-02,0.745413,5.000000e+00,0.80915,0.80441,0.50128,
2018-05-15-17-01-18,model_1,1355,1371,tanh,False,120,6.305545e-04,3.671227e-04,1.696436e-03,0.868353,8.000000e+00,0.17753,0.17965,0.73747,
2018-05-15-17-37-00,model_1,17576,1371,tanh,False,97,1.398184e-02,2.156171e-03,6.508275e-02,0.850268,1.000000e+00,517.25957,506.93057,0.50000,
2018-05-15-17-46-49,model_1,42031,1371,leakyrelu,True,103,3.915710e-04,1.415201e-02,1.774008e-02,0.894913,1.000000e+00,3.42596,1.86201,0.50000,
2018-05-15-17-57-04,model_1,21310,1371,elu,True,54,3.506387e-03,1.513262e-02,5.080414e-02,0.651494,1.000000e+00,44.92990,43.80931,0.50000,
2018-05-15-18-04-07,model_1,36807,1371,elu,True,115,5.325204e-03,1.525662e-03,4.760426e-02,0.913107,1.000000e+00,125.27780,122.98111,0.50000,
2018-05-15-18-15-07,model_1,26086,1371,prelu,False,106,1.354498e-03,1.439165e-03,1.721519e-02,0.931127,1.000000e+00,4.54772,4.49330,0.50000,
2018-05-15-18-25-35,model_1,58673,1371,relu,True,21,4.040280e-04,7.217702e-05,1.745089e-02,0.815126,1.000000e+00,1.08791,0.99328,0.50002,
2018-05-15-18-29-39,model_1,39013,1371,leakyrelu,False,73,1.007073e-02,2.049539e-04,1.299457e-03,0.873343,1.500000e+01,0.17644,0.17984,0.74069,
2018-05-15-19-14-43,model_1,24892,1371,tanh,False,54,6.081522e-05,2.087802e-02,9.190215e-03,0.780686,8.000000e+00,0.17725,0.17751,0.73864,
2018-05-15-19-37-02,model_1,31409,1371,prelu,False,91,8.114868e-03,5.090396e-04,3.452065e-02,0.807195,1.000000e+00,79.57522,78.27202,0.50000,
2018-05-15-19-46-39,model_1,30615,1371,relu,False,56,2.978840e-04,3.964983e-03,2.563596e-03,0.751553,5.000000e+00,0.17563,0.17666,0.74206,
2018-05-15-20-02-39,model_1,39051,1371,relu,True,4,3.168863e-05,2.504285e-04,1.334483e-03,0.790982,6.000000e+00,0.17700,0.17744,0.73365,
2018-05-15-20-09-57,model_1,34676,1371,elu,False,90,8.855294e-04,3.390425e-04,5.654802e-03,0.932720,2.000000e+00,0.95917,0.96261,0.49983,
2018-05-15-20-22-39,model_1,37048,1371,relu,True,39,5.380719e-04,4.180261e-03,1.858041e-03,0.803913,7.000000e+00,0.17387,0.17548,0.74515,
2018-05-15-20-38-33,model_1,43627,1371,leakyrelu,True,40,2.147999e-04,5.209913e-04,8.243448e-04,0.906185,4.000000e+00,0.17465,0.17576,0.74275,
2018-05-15-20-49-38,model_1,2914,1371,leakyrelu,False,5,5.958513e-03,2.156865e-04,4.469142e-02,0.734764,1.000000e+00,6.19560,6.01574,0.50000,
2018-05-15-20-52-34,model_1,29418,1371,leakyrelu,False,94,2.513565e-03,1.005619e-04,1.152248e-02,0.804399,1.000000e+00,3.56063,3.52098,0.50070,
2018-05-16-20-37-20,model_1,3365,1371,leakyrelu,False,43,2.033877e-02,4.577945e-04,7.249805e-02,0.887912,1.000000e+00,412.69613,405.81569,0.50000,
2018-05-16-20-42-56,model_1,17245,1371,relu,False,83,4.062553e-03,5.632933e-05,8.166152e-04,0.896007,1.000000e+01,0.17713,0.17908,0.74188,
2018-05-16-21-15-32,model_1,41510,1371,relu,True,13,1.378008e-02,1.139922e-02,7.424301e-02,0.650438,1.000000e+00,89.36384,87.77777,0.50000,
2018-05-16-21-18-40,model_1,52742,1371,elu,True,12,2.127929e-04,2.611810e-03,5.761232e-03,0.719320,8.000000e+00,0.17181,0.17502,0.74469,
2018-05-16-21-28-34,model_1,6138,1371,elu,False,88,4.555918e-05,6.270586e-04,1.906702e-02,0.923781,1.000000e+00,1.24382,0.87608,0.50000,
2018-05-16-21-37-36,model_1,50236,1371,leakyrelu,False,29,1.648345e-04,3.532596e-04,3.353590e-02,0.881590,1.000000e+00,1.59486,1.23165,0.50000,
2018-05-16-21-41-44,model_1,31625,1371,tanh,True,111,1.117873e-03,3.123912e-02,1.149272e-03,0.746083,4.000000e+00,0.17817,0.17911,0.73880,
2018-05-16-22-02-39,model_1,30016,1371,tanh,False,33,2.067233e-04,1.045028e-03,7.918661e-04,0.866508,3.000000e+00,0.17493,0.17585,0.74043,
2018-05-16-22-10-09,model_1,44699,1371,relu,True,48,3.402100e-03,1.124294e-02,1.359805e-02,0.700957,1.700000e+01,0.17258,0.17472,0.74626,
2018-05-16-22-47-33,model_1,15897,1371,prelu,False,102,4.385558e-04,1.017775e-03,1.596899e-03,0.846397,5.000000e+00,0.17783,0.17981,0.74186,
2018-05-16-23-10-40,model_1,14643,1371,elu,False,33,1.212415e-04,7.874894e-03,1.691895e-03,0.793324,4.000000e+00,0.17396,0.17662,0.74235,
2018-05-16-23-19-41,model_1,22032,1371,tanh,True,122,9.314700e-03,3.292286e-04,3.784250e-03,0.841686,1.300000e+01,0.19928,0.20025,0.73913,
2018-05-17-00-15-13,model_1,35826,1371,elu,True,120,9.280141e-04,1.288018e-02,5.913504e-03,0.915919,1.400000e+01,0.80337,0.80660,0.54434,
2018-05-17-01-12-56,model_1,35748,1371,prelu,True,98,2.956253e-04,1.595457e-03,1.060595e-02,0.758449,2.000000e+00,0.92288,0.92711,0.52372,
2018-05-17-01-26-12,model_1,57083,1371,prelu,False,40,3.878463e-03,2.886726e-03,4.163034e-03,0.910729,1.100000e+01,0.21538,0.21551,0.73603,
2018-05-17-01-48-26,model_1,36575,1371,elu,True,26,1.819493e-04,7.286861e-04,2.018918e-02,0.710123,4.000000e+00,0.79076,0.79411,0.50801,
2018-05-17-01-56-32,model_1,43862,1371,leakyrelu,True,20,1.195014e-02,4.677233e-05,3.271193e-02,0.776727,1.000000e+00,23.93143,23.30246,0.50000,
2018-05-17-02-00-23,model_1,26375,1371,elu,True,80,1.304894e-02,2.304721e-02,2.000444e-03,0.651807,1.200000e+01,0.17265,0.17480,0.74550,
2018-05-17-02-38-14,model_1,57726,1371,prelu,True,47,4.234078e-04,1.089549e-02,4.168634e-02,0.720707,1.000000e+00,5.93307,3.78863,0.50000,
2018-05-17-02-44-46,model_1,21237,1371,relu,True,123,6.533228e-03,2.132756e-04,5.891711e-03,0.885158,2.000000e+01,0.20253,0.20310,0.73903,
2018-05-17-04-04-48,model_1,7263,1371,leakyrelu,True,108,1.133094e-04,1.565676e-04,1.055505e-03,0.888759,4.000000e+00,0.17558,0.17670,0.74167,
2018-05-17-04-25-42,model_1,63550,1371,prelu,True,54,1.276868e-03,1.393834e-04,3.843468e-02,0.705882,1.000000e+00,11.88948,9.70372,0.50000,
2018-05-17-04-32-47,model_1,63162,1371,prelu,False,78,1.739642e-03,3.444920e-04,7.868097e-04,0.923508,1.000000e+01,0.17494,0.17968,0.73962,
2018-05-17-05-05-48,model_1,6485,1371,elu,False,16,4.433076e-04,3.485791e-03,1.754237e-02,0.939236,3.000000e+00,0.91845,0.92087,0.50015,
2018-05-17-05-11-17,model_1,56885,1371,elu,True,121,1.758378e-03,1.817932e-04,5.713237e-03,0.827487,1.300000e+01,0.18224,0.18465,0.73969,
2018-05-17-06-07-10,model_1,19161,1371,leakyrelu,True,22,6.213917e-03,2.432648e-04,4.325179e-02,0.839546,1.000000e+00,24.16287,23.29634,0.50000,
2018-05-17-06-11-22,model_1,28127,1371,tanh,False,73,5.951854e-04,1.738682e-04,5.692867e-03,0.720015,1.000000e+01,0.17288,0.17554,0.74268,
2018-05-17-06-43-09,model_1,22070,1371,relu,True,44,2.379369e-04,2.906445e-04,4.684068e-03,0.790412,6.000000e+00,0.17669,0.17842,0.74261,
2018-05-17-10-51-10,model_1,12198,1371,relu,True,7,3.153240e-04,2.372046e-04,4.551701e-02,0.839325,1.000000e+00,1.23678,1.19134,0.50000,
2018-05-17-10-54-06,model_1,58566,1371,relu,True,24,1.975608e-02,3.633934e-05,4.826326e-02,0.896046,1.000000e+00,99.86361,98.08734,0.50000,
2018-05-17-10-57-59,model_1,30209,1371,relu,True,94,7.822022e-05,4.851429e-04,1.115461e-02,0.792972,2.000000e+00,0.83547,0.81187,0.50007,
2018-05-17-11-10-44,model_1,7597,1371,relu,True,91,4.952698e-05,1.242699e-04,7.611601e-04,0.658809,2.000000e+00,0.17430,0.17455,0.74516,
2018-05-17-11-23-08,model_1,8420,1371,relu,True,57,1.628246e-02,1.221933e-03,5.026453e-02,0.905476,1.000000e+00,211.31855,207.37225,0.50000,
2018-05-17-11-30-14,model_1,13939,1371,relu,True,36,2.452343e-04,1.190265e-02,6.195888e-03,0.772945,8.000000e+00,0.17400,0.17672,0.74299,
2018-05-17-11-46-12,model_1,21513,1371,relu,True,50,1.392382e-03,2.859832e-04,2.036102e-03,0.650427,8.000000e+00,0.17207,0.17434,0.74670,
2018-05-17-12-36-16,model_1,23963,1371,relu,True,124,9.180473e-04,5.249420e-04,1.438466e-03,0.683775,8.000000e+00,0.17156,0.17487,0.74647,
2018-05-17-13-13-03,model_1,17944,1371,relu,True,74,3.086950e-05,3.723051e-03,6.426559e-03,0.879341,6.000000e+00,0.18208,0.18364,0.73519,
2018-05-17-13-34-21,model_1,58656,1371,relu,True,22,2.019997e-02,1.063037e-02,4.980677e-04,0.735383,1.600000e+01,0.17441,0.17468,0.74327,
2018-05-17-13-56-09,model_1,9930,1371,relu,True,103,3.352104e-05,8.426810e-04,6.731248e-04,0.710413,3.000000e+00,0.17221,0.17530,0.74585,
2018-05-17-14-12-50,model_1,3353,1371,relu,True,17,7.045241e-05,7.795057e-05,5.422767e-03,0.664363,6.000000e+00,0.17239,0.17484,0.74488,
2018-05-17-14-21-47,model_1,21641,1371,relu,True,43,2.200957e-03,1.528258e-04,9.334511e-04,0.658302,9.000000e+00,0.17185,0.17456,0.74672,
2018-05-17-14-42-27,model_1,10586,1371,relu,True,126,4.987230e-03,3.394547e-03,7.066582e-03,0.739476,1.100000e+01,0.77815,0.78137,0.53061,
2018-05-17-15-31-25,model_1,1445,1371,relu,True,107,1.880895e-03,1.534785e-02,1.613494e-03,0.720284,9.000000e+00,0.17243,0.17454,0.74705,
2018-05-17-16-08-30,model_1,61458,1371,relu,True,20,4.016033e-05,2.699792e-03,1.125176e-04,0.851334,4.000000e+00,0.17783,0.17865,0.73263,
2018-05-17-16-15-43,model_1,63951,1371,relu,True,11,3.013808e-05,1.400313e-04,2.518630e-04,0.929838,4.000000e+00,0.17912,0.17993,0.73089,
2018-05-17-16-22-01,model_1,49180,1371,relu,True,11,3.999086e-05,3.133001e-02,1.111461e-04,0.807571,6.000000e+00,0.18018,0.18003,0.72697,
2018-05-17-16-30-17,model_1,54809,1371,relu,True,31,1.916678e-03,8.362898e-03,8.075941e-04,0.866748,9.000000e+00,0.17396,0.17523,0.74393,
2018-05-17-16-46-22,model_1,65349,1371,relu,True,31,1.533053e-04,9.043247e-04,8.599893e-04,0.849430,5.000000e+00,0.17336,0.17525,0.74396,
2018-05-17-16-56-44,model_1,37780,1371,relu,True,72,3.689128e-05,2.885347e-02,8.340605e-05,0.778206,3.000000e+00,0.17582,0.17723,0.73756,
2018-05-17-17-10-04,model_1,13668,1371,relu,True,34,7.605207e-05,1.452198e-03,5.252642e-03,0.775525,5.000000e+00,0.17515,0.17695,0.74252,
2018-05-17-17-21-09,model_1,49700,1371,relu,True,100,3.669777e-04,2.073466e-04,1.158649e-03,0.861423,4.000000e+00,0.17670,0.17797,0.74221,
2018-05-17-17-41-02,model_1,4556,1371,relu,True,121,1.730802e-04,1.832126e-02,5.281647e-04,0.814404,4.000000e+00,0.17299,0.17512,0.74445,
2018-05-17-18-03-32,model_1,24406,1371,relu,True,71,2.742117e-04,5.192411e-03,3.734466e-03,0.915162,9.000000e+00,0.18170,0.18298,0.74165,
2018-05-17-18-32-36,model_1,19543,1371,relu,True,9,7.820721e-03,1.077992e-03,1.275119e-03,0.779629,1.500000e+01,0.17447,0.17471,0.74280,
2018-05-17-18-49-36,model_1,33225,1371,relu,True,113,1.193854e-04,4.467886e-04,2.629542e-03,0.861632,5.000000e+00,0.17863,0.18006,0.74030,
2018-05-19-14-26-41,model_2,51781,54237,relu,True,43,2.201000e-03,1.530000e-04,9.330000e-04,0.658302,8.000000e+00,0.17227,0.17368,0.74834,
2018-05-20-17-41-31,model_2,42301,54237,relu,True,43,2.201000e-03,1.530000e-04,9.330000e-04,0.658302,1.100000e+01,0.17036,0.17414,0.76047,
2018-05-20-20-33-40,model_2,41121,23395,relu,True,43,2.201000e-03,1.530000e-04,9.330000e-04,0.658302,8.000000e+00,0.17220,0.17319,0.74798,
2018-05-20-21-23-15,model_1,60564,23395,relu,True,43,2.201000e-03,1.530000e-04,9.330000e-04,0.658302,9.000000e+00,0.17190,0.17343,0.74708,
2018-05-21-01-40-41,model_2,48088,20041,relu,True,43,2.201000e-03,1.530000e-04,9.330000e-04,0.658302,9.000000e+00,0.17203,0.17360,0.74541,
2018-05-21-02-35-57,model_2,12010,76655,relu,True,43,2.201000e-03,1.530000e-04,9.330000e-04,0.658302,9.000000e+00,0.17152,0.17456,0.74635,
2018-05-21-03-59-59,model_2,43588,26557,relu,True,43,2.201000e-03,1.530000e-04,9.330000e-04,0.658302,1.000000e+01,0.17161,0.17363,0.74697,
2018-05-21-04-37-32,model_2,29041,71435,relu,True,43,2.201000e-03,1.530000e-04,9.330000e-04,0.658302,8.000000e+00,0.17200,0.17416,0.74644,
2018-05-21-05-03-05,model_2,51448,41708,relu,True,43,2.201000e-03,1.530000e-04,9.330000e-04,0.658302,9.000000e+00,0.17193,0.17351,0.74604,
2018-05-21-05-30-23,model_2,36071,22930,relu,True,43,2.201000e-03,1.530000e-04,9.330000e-04,0.658302,9.000000e+00,0.17184,0.17416,0.74690,
2018-05-21-05-57-08,model_2,620,26881,relu,True,43,2.201000e-03,1.530000e-04,9.330000e-04,0.658302,8.000000e+00,0.17190,0.17428,0.74686,
2018-05-21-06-22-27,model_2,34614,6818,relu,True,43,2.201000e-03,1.530000e-04,9.330000e-04,0.658302,8.000000e+00,0.17225,0.17371,0.74703,
2018-05-21-06-47-20,model_2,39286,86242,relu,True,43,2.201000e-03,1.530000e-04,9.330000e-04,0.658302,7.000000e+00,0.17239,0.17436,0.74637,
2018-05-21-07-10-28,model_2,26296,97492,relu,True,43,2.201000e-03,1.530000e-04,9.330000e-04,0.658302,9.000000e+00,0.17167,0.17400,0.74689,
2018-05-21-07-37-46,model_2,46928,58789,relu,True,43,2.201000e-03,1.530000e-04,9.330000e-04,0.658302,9.000000e+00,0.17181,0.17398,0.74576,
2018-05-21-08-04-45,model_2,24035,69810,relu,True,43,2.201000e-03,1.530000e-04,9.330000e-04,0.658302,9.000000e+00,0.17180,0.17382,0.74586,
2018-05-21-08-31-41,model_2,10203,70732,relu,True,43,2.201000e-03,1.530000e-04,9.330000e-04,0.658302,7.000000e+00,0.17253,0.17372,0.74712,
2018-05-21-08-55-11,model_2,44029,66090,relu,True,43,2.201000e-03,1.530000e-04,9.330000e-04,0.658302,8.000000e+00,0.17225,0.17386,0.74769,
2018-05-21-11-04-00,model_2,20352,50319,relu,True,30,1.000000e-03,1.000000e-03,1.400000e-03,0.570000,7.000000e+00,0.17120,0.17374,0.75913,
2018-05-21-11-22-49,model_2,32382,2763,relu,True,30,1.000000e-03,1.000000e-03,1.400000e-03,0.570000,7.000000e+00,0.17128,0.17312,0.76034,
2018-05-21-11-41-51,model_2,53154,73483,relu,True,30,1.000000e-03,1.000000e-03,1.400000e-03,0.570000,8.000000e+00,0.17087,0.17322,0.75870,
2018-05-21-12-02-21,model_2,62586,44912,relu,True,30,1.000000e-03,1.000000e-03,1.400000e-03,0.570000,8.000000e+00,0.17078,0.17368,0.75858,
2018-05-21-16-11-37,model_2,61388,44912,relu,True,30,1.000000e-03,1.000000e-03,1.400000e-03,0.570000,8.000000e+00,0.17072,0.17348,0.75929,
2018-05-21-16-29-46,model_2,12220,44912,relu,True,43,2.201000e-03,1.530000e-04,9.330000e-04,0.658302,9.000000e+00,0.17070,0.17334,0.76055,
2018-05-21-16-57-47,model_2,51589,50515,relu,True,43,2.201000e-03,1.530000e-04,9.330000e-04,0.658302,9.000000e+00,0.17080,0.17327,0.75949,
2018-05-21-17-24-58,model_2,25474,84520,relu,True,43,2.201000e-03,1.530000e-04,9.330000e-04,0.658302,9.000000e+00,0.17083,0.17337,0.76081,
2018-05-21-17-52-30,model_2,35883,46757,relu,True,43,2.201000e-03,1.530000e-04,9.330000e-04,0.658302,1.100000e+01,0.17017,0.17393,0.75979,
2018-05-21-18-23-27,model_2,42618,56942,relu,True,43,2.201000e-03,1.530000e-04,9.330000e-04,0.658302,1.000000e+01,0.17035,0.17351,0.75981,
2018-05-21-19-37-47,model_2,27758,44912,relu,True,30,1.000000e-03,1.000000e-03,1.400000e-03,0.570000,7.000000e+00,0.17204,0.17397,0.74557,
2018-05-21-20-02-54,model_2,17311,44912,relu,True,30,1.000000e-03,1.000000e-03,1.400000e-03,0.570000,8.000000e+00,0.17105,0.17299,0.76670,
2018-05-21-20-26-30,model_2,16519,44912,relu,True,30,1.000000e-03,1.000000e-03,1.400000e-03,0.570000,8.000000e+00,0.17146,0.17455,0.75668,
2018-05-21-20-41-58,model_2,65420,44912,relu,True,30,1.000000e-03,1.000000e-03,1.400000e-03,0.570000,5.000000e+00,0.17260,0.17368,0.75433,
2018-05-21-21-16-42,model_2,17587,44912,relu,True,30,1.000000e-03,1.000000e-03,1.400000e-03,0.570000,6.000000e+00,0.17241,0.17344,0.74626,
2018-05-21-21-28-44,model_3,866,44912,relu,True,30,1.000000e-03,1.000000e-03,1.400000e-03,0.570000,6.000000e+00,0.17340,0.17372,0.74594,
2018-05-21-21-43-17,model_3,26239,44912,relu,True,30,1.000000e-03,1.000000e-03,1.400000e-03,0.570000,8.000000e+00,0.17241,0.17410,0.74608,
2018-05-21-22-04-32,model_3,6978,44912,relu,True,30,1.000000e-03,1.000000e-03,1.400000e-03,0.570000,7.000000e+00,0.17314,0.17403,0.74573,
2018-05-21-22-20-05,model_3,11288,44912,relu,True,30,1.000000e-03,1.000000e-03,1.400000e-03,0.570000,6.000000e+00,0.17654,0.17451,0.74595,
2018-05-21-22-32-35,model_3,62080,44912,relu,True,30,1.000000e-03,1.000000e-03,1.400000e-03,0.570000,6.000000e+00,0.17230,0.17365,0.74680,
2018-05-21-22-44-50,model_3,25780,44912,relu,True,43,2.201000e-03,1.530000e-04,9.330000e-04,0.658302,7.000000e+00,0.17251,0.17368,0.74630,
2018-05-21-23-09-30,model_2,9771,95320,relu,True,43,2.201000e-03,1.530000e-04,9.330000e-04,0.658302,8.000000e+00,0.17278,0.17476,0.74599,
2018-05-21-23-35-13,model_2,51997,92190,relu,True,43,2.201000e-03,1.530000e-04,9.330000e-04,0.658302,9.000000e+00,0.17271,0.17418,0.74740,
2018-05-22-00-02-29,model_2,16957,55635,relu,True,43,2.201000e-03,1.530000e-04,9.330000e-04,0.658302,1.000000e+01,0.17228,0.17482,0.74609,
2018-05-22-00-32-21,model_2,30265,20492,relu,True,43,2.201000e-03,1.530000e-04,9.330000e-04,0.658302,9.000000e+00,0.17243,0.17408,0.74570,
2018-05-22-00-59-31,model_2,58122,22330,relu,True,43,2.201000e-03,1.530000e-04,9.330000e-04,0.658302,8.000000e+00,0.17300,0.17359,0.74575,
2018-05-22-01-24-33,model_2,27094,57720,relu,True,43,2.201000e-03,1.530000e-04,9.330000e-04,0.658302,8.000000e+00,0.17287,0.17408,0.74602,
2018-05-22-01-49-40,model_2,19232,23841,relu,True,43,2.201000e-03,1.530000e-04,9.330000e-04,0.658302,9.000000e+00,0.17243,0.17457,0.74649,
2018-05-22-02-16-24,model_2,63875,35166,relu,True,43,2.201000e-03,1.530000e-04,9.330000e-04,0.658302,8.000000e+00,0.17285,0.17349,0.74653,
2018-05-22-02-41-23,model_2,15701,48435,relu,True,43,2.201000e-03,1.530000e-04,9.330000e-04,0.658302,8.000000e+00,0.17260,0.17442,0.74568,
2018-05-22-03-06-26,model_2,21265,89544,relu,True,43,2.201000e-03,1.530000e-04,9.330000e-04,0.658302,9.000000e+00,0.17232,0.17421,0.74632,
2018-05-22-12-47-28,model_2,4115,57815,relu,True,43,2.201000e-03,1.530000e-04,9.330000e-04,0.658302,1.000000e+01,0.17230,0.17430,0.74852,
2018-05-22-13-16-03,model_2,8229,5205,relu,True,46,2.201000e-03,1.530000e-04,9.330000e-04,0.658302,1.000000e+01,0.17165,0.17415,0.74688,
2018-05-22-13-46-03,model_2,40411,72013,relu,True,42,2.201000e-03,1.530000e-04,9.330000e-04,0.658302,9.000000e+00,0.17308,0.17413,0.74705,
2018-05-22-14-11-35,model_2,30286,56639,relu,True,44,2.201000e-03,1.530000e-04,9.330000e-04,0.658302,9.000000e+00,0.17192,0.17426,0.74625,
2018-05-22-14-53-13,model_2,20829,93134,relu,True,42,2.128949e-03,2.805627e-04,8.596102e-04,0.655190,9.000000e+00,0.17271,0.17443,0.74713,
2018-05-22-15-18-42,model_2,33485,41037,relu,True,40,2.173507e-03,4.068253e-05,7.094770e-04,0.765861,1.000000e+01,0.17275,0.17523,0.74524,
2018-05-22-15-45-42,model_2,31799,25311,relu,True,40,2.135048e-03,2.529346e-04,1.011315e-03,0.562002,7.000000e+00,0.17289,0.17443,0.74515,
2018-05-22-16-07-19,model_2,42828,581,relu,True,45,1.902441e-03,1.441705e-04,1.135195e-03,0.765702,1.200000e+01,0.17186,0.17399,0.74646,
2018-05-22-16-40-43,model_2,36513,67010,relu,True,41,2.149346e-03,2.500596e-04,1.181582e-03,0.698832,9.000000e+00,0.17193,0.17487,0.74570,
2018-05-22-17-06-50,model_2,23379,75376,relu,True,42,2.104486e-03,1.618621e-04,7.823437e-04,0.563298,7.000000e+00,0.17330,0.17414,0.74571,
2018-05-22-17-29-11,model_2,51726,5414,relu,True,44,2.365420e-03,1.345759e-04,1.024956e-03,0.514140,7.000000e+00,0.17289,0.17449,0.74646,
2018-05-22-17-52-28,model_2,25178,47383,relu,True,41,2.093749e-03,1.803514e-04,8.772120e-04,0.806956,5.000000e+00,0.17694,0.17644,0.74141,
2018-05-22-18-10-51,model_2,59282,15048,relu,True,42,2.099259e-03,2.293711e-04,9.720833e-04,0.644712,7.000000e+00,0.17317,0.17387,0.74659,
2018-05-22-18-33-00,model_2,999,73010,relu,True,40,2.104400e-03,1.122109e-04,7.645373e-04,0.641896,9.000000e+00,0.17294,0.17381,0.74644,
2018-05-22-18-58-34,model_2,53261,79990,relu,True,44,1.965695e-03,1.997734e-05,8.616759e-04,0.711902,9.000000e+00,0.17253,0.17380,0.74643,
2018-05-22-19-26-01,model_2,54214,78060,relu,True,46,2.285362e-03,9.063457e-05,8.029869e-04,0.778414,1.000000e+01,0.17238,0.17424,0.74703,
2018-05-22-19-56-04,model_2,37956,98685,relu,True,43,2.007086e-03,8.849228e-06,1.209497e-03,0.719643,1.000000e+01,0.17209,0.17375,0.74607,
2018-05-22-20-25-01,model_2,27304,26397,relu,True,45,2.203644e-03,1.072974e-04,8.238433e-04,0.681348,9.000000e+00,0.17269,0.17381,0.74644,
2018-05-22-20-52-46,model_2,60721,71903,relu,True,45,2.102919e-03,2.635467e-04,9.082985e-04,0.679030,8.000000e+00,0.17278,0.17443,0.74688,
2018-05-22-21-18-38,model_2,58345,87931,relu,True,44,1.976547e-03,2.556789e-04,9.421599e-04,0.754026,1.100000e+01,0.17209,0.17518,0.74635,
2018-05-22-21-49-34,model_2,4492,66551,relu,True,42,1.946328e-03,2.373993e-04,1.028172e-03,0.542303,8.000000e+00,0.17277,0.17381,0.74758,
2018-05-22-22-13-18,model_2,65188,13659,relu,True,46,2.144099e-03,1.682951e-04,8.692723e-04,0.708915,7.000000e+00,0.17329,0.17438,0.74664,
2018-05-22-22-38-02,model_2,1598,93954,relu,True,45,1.925832e-03,2.813061e-04,1.185745e-03,0.520428,7.000000e+00,0.17267,0.17446,0.74602,
